{"count":1,"self":7572.5250559999995,"total":40984.247490999995,"children":{"InitializeActuators":{"count":10,"self":0.0020039999999999997,"total":0.0020039999999999997,"children":null},"InitializeSensors":{"count":10,"self":0.0019683,"total":0.0019683,"children":null},"AgentSendState":{"count":16963382,"self":56.720153599999996,"total":282.4880386,"children":{"CollectObservations":{"count":33926770,"self":38.4453728,"total":38.4453718,"children":null},"WriteActionMask":{"count":33926770,"self":5.8991004,"total":5.8991003,"children":null},"RequestDecision":{"count":33926770,"self":51.6858784,"total":181.42341299999998,"children":{"AgentInfo.ToProto":{"count":33926770,"self":40.6151584,"total":129.73753489999999,"children":{"GenerateSensorData":{"count":33926770,"self":89.1223744,"total":89.12237669999999,"children":null}}}}}}},"DecideAction":{"count":16963382,"self":27750.311526399997,"total":27750.311042899997,"children":null},"AgentAct":{"count":16963382,"self":5377.7408,"total":5378.9180099999994,"children":{"AgentInfo.ToProto":{"count":120020,"self":0.40413469999999996,"total":1.1771217999999999,"children":{"GenerateSensorData":{"count":120020,"self":0.77298709999999993,"total":0.77298709999999993,"children":null}}}}}},"gauges":{"Chase And Attack.CumulativeReward":{"count":120020,"max":17717.666,"min":-38489.3945,"runningAverage":-3386.16846,"value":-2229.793,"weightedAverage":-2226.83447}},"metadata":{"timer_format_version":"0.1.0","start_time_seconds":"1687063317","unity_version":"2021.3.21f1","command_line_arguments":"D:\\Unity\\Hub\\Editor\\2021.3.21f1\\Editor\\Unity.exe -projectpath C:\\Users\\Serch\\Documents\\PRY20231003-MAS4GAMES -useHub -hubIPC -cloudEnvironment production -licensingIpc LicenseClient-Serch -hubSessionId af4204d9-1542-439c-8591-fcb2de9199a1 -accessToken -Osk_0bVc8oFMQgQrRd4-pFStY4kRvpn7KPzRemyr9o004f","communication_protocol_version":"1.5.0","com.unity.ml-agents_version":"2.0.1","scene_name":"Gameplay","end_time_seconds":"1687104301"}}